{"cameraMode":{"drawMode":0,"name":"Shaded","section":"Shading Mode"},"sceneLighting":false,"audioPlay":false,"sceneViewState":{"m_AlwaysRefresh":false,"showFog":true,"showSkybox":false,"showFlares":true,"showImageEffects":true,"showParticleSystems":true,"showVisualEffectGraphs":true,"m_FxEnabled":true},"in2DMode":false,"pivot":{"x":-0.4444194436073303,"y":1.8733065128326417,"z":0.03348875045776367},"rotation":{"x":0.11925949901342392,"y":-0.08626551181077957,"z":0.010401845909655095,"w":0.9890539050102234},"size":3.0498268604278566,"orthographic":false}