{"cameraMode":{"drawMode":0,"name":"Shaded","section":"Shading Mode"},"sceneLighting":false,"audioPlay":false,"sceneViewState":{"m_AlwaysRefresh":false,"showFog":true,"showSkybox":false,"showFlares":true,"showImageEffects":true,"showParticleSystems":true,"showVisualEffectGraphs":true,"m_FxEnabled":true},"in2DMode":false,"pivot":{"x":-0.4573419690132141,"y":1.8477277755737305,"z":-0.0061814188957214359},"rotation":{"x":0.11925949901342392,"y":-0.08626551181077957,"z":0.010401845909655095,"w":0.9890539050102234},"size":3.0325989723205568,"orthographic":false}