{"cameraMode":{"drawMode":0,"name":"Shaded","section":"Shading Mode"},"sceneLighting":false,"audioPlay":false,"sceneViewState":{"m_AlwaysRefresh":false,"showFog":true,"showSkybox":false,"showFlares":true,"showImageEffects":true,"showParticleSystems":true,"showVisualEffectGraphs":true,"m_FxEnabled":true},"in2DMode":false,"pivot":{"x":4.381886005401611,"y":1.949552059173584,"z":15.78253173828125},"rotation":{"x":-0.004491032566875219,"y":0.06295770406723023,"z":0.0002833138278219849,"w":0.9980059862136841},"size":6.369540691375732,"orthographic":false}